coverage,1.0,1.0,1.0
density,8.0,36.54399490694361,110.0
normalized_density,0.2109551833408782,0.6257674359088586,1.0
