coverage,1.0,1.0,1.0
density,8.0,36.097215445918614,110.0
normalized_density,0.2109551833408782,0.6601409808060132,1.0
