coverage,1.0,1.0,1.0
density,8.0,37.21784666542375,110.0
normalized_density,0.2109551833408782,0.6106977129313438,1.0
